INSERT INTO Channel (id, createDate) VALUES (1, '2021-05-31');
INSERT INTO Channel (id, createDate) VALUES (2, '2021-06-01');
INSERT INTO Channel (id, createDate) VALUES (3, '2021-06-02');

INSERT INTO EventAttributeDefinition (dataType, displayName, id, name, type) VALUES ('STRING', 'TEST_URL', 12345, 'testUrl', 'LOCAL');
INSERT INTO EventAttributeDefinition (dataType, displayName, id, name, type) VALUES ('STRING', 'TEST_TITLE', 23456, 'testTitle', 'LOCAL');
INSERT INTO EventAttributeDefinition (dataType, displayName, id, name, type) VALUES ('NUMBER', 'TEST_CODE', 34567, 'testCode', 'LOCAL');
INSERT INTO EventAttributeDefinition (dataType, displayName, id, name, type) VALUES ('NUMBER', 'TEST_RATING', 45678, 'testRating', 'LOCAL');

INSERT INTO EventDefinition (id, blocked, description, displayName, name, type) VALUES (135791, false, 'Test Description 2', 'Test Display Name 2', 'testEvent2', 'CUSTOM');
INSERT INTO EventDefinition (id, blocked, description, displayName, name, type) VALUES (246810, false, 'Test Description 1', 'Test Display Name 1', 'testEvent1', 'CUSTOM');

INSERT INTO Event (channelId, eventDate, eventDefinitionId, id, individualId, sessionId) VALUES (1, '2021-05-14', 246810, 1, 9, 6780);
INSERT INTO Event (channelId, eventDate, eventDefinitionId, id, individualId, sessionId) VALUES (1, '2021-05-15', 135791, 2, 13, 6781);
INSERT INTO Event (channelId, eventDate, eventDefinitionId, id, individualId, sessionId) VALUES (1, '2021-05-15', 246810, 3, 1, 6782);
INSERT INTO Event (channelId, eventDate, eventDefinitionId, id, individualId, sessionId) VALUES (1, '2021-05-16', 246810, 4, 8, 6783);
INSERT INTO Event (channelId, eventDate, eventDefinitionId, id, individualId, sessionId) VALUES (1, '2021-05-17', 246810, 5, 2, 6784);
INSERT INTO Event (channelId, eventDate, eventDefinitionId, id, individualId, sessionId) VALUES (1, '2021-05-17', 246810, 6, 4, 6785);
INSERT INTO Event (channelId, eventDate, eventDefinitionId, id, individualId, sessionId) VALUES (1, '2021-05-17', 246810, 7, 5, 6786);
INSERT INTO Event (channelId, eventDate, eventDefinitionId, id, individualId, sessionId) VALUES (1, '2021-05-18', 246810, 8, 7, 6787);
INSERT INTO Event (channelId, eventDate, eventDefinitionId, id, individualId, sessionId) VALUES (1, '2021-05-19', 246810, 9, 8, 6788);
INSERT INTO Event (channelId, eventDate, eventDefinitionId, id, individualId, sessionId) VALUES (1, '2021-05-20', 246810, 10, 11, 6789);
INSERT INTO Event (channelId, eventDate, eventDefinitionId, id, individualId, sessionId) VALUES (1, '2021-05-21', 246810, 11, 8, 6790);
INSERT INTO Event (channelId, eventDate, eventDefinitionId, id, individualId, sessionId) VALUES (1, '2021-05-21', 246810, 12, 8, 6791);
INSERT INTO Event (channelId, eventDate, eventDefinitionId, id, individualId, sessionId) VALUES (1, '2021-05-22', 246810, 13, 9, 6792);
INSERT INTO Event (channelId, eventDate, eventDefinitionId, id, individualId, sessionId) VALUES (1, '2021-05-22', 246810, 14, 11, 6793);
INSERT INTO Event (channelId, eventDate, eventDefinitionId, id, individualId, sessionId) VALUES (1, '2021-05-23', 246810, 15, 1, 6794);
INSERT INTO Event (channelId, eventDate, eventDefinitionId, id, individualId, sessionId) VALUES (1, '2021-05-24', 246810, 16, 11, 6795);
INSERT INTO Event (channelId, eventDate, eventDefinitionId, id, individualId, sessionId) VALUES (1, '2021-05-27', 246810, 17, 9, 6796);
INSERT INTO Event (channelId, eventDate, eventDefinitionId, id, individualId, sessionId) VALUES (1, '2021-05-27', 246810, 18, 12, 6797);
INSERT INTO Event (channelId, eventDate, eventDefinitionId, id, individualId, sessionId) VALUES (1, '2021-05-28', 246810, 19, 12, 6798);
INSERT INTO Event (channelId, eventDate, eventDefinitionId, id, individualId, sessionId) VALUES (1, '2021-05-30', 246810, 20, 14, 6799);
INSERT INTO Event (channelId, eventDate, eventDefinitionId, id, individualId, sessionId) VALUES (1, '2021-06-01', 246810, 21, 14, 6801);
INSERT INTO Event (channelId, eventDate, eventDefinitionId, id, individualId, sessionId) VALUES (1, '2021-06-01', 246810, 22, 14, 6802);
INSERT INTO Event (channelId, eventDate, eventDefinitionId, id, individualId, sessionId) VALUES (1, '2021-06-02', 246810, 23, 13, 6803);
INSERT INTO Event (channelId, eventDate, eventDefinitionId, id, individualId, sessionId) VALUES (2, '2021-05-19', 246810, 24, 1, 6804);
INSERT INTO Event (channelId, eventDate, eventDefinitionId, id, individualId, sessionId) VALUES (2, '2021-05-22', 246810, 25, 2, 6805);
INSERT INTO Event (channelId, eventDate, eventDefinitionId, id, individualId, sessionId) VALUES (2, '2021-05-25', 246810, 26, 3, 6806);
INSERT INTO Event (channelId, eventDate, eventDefinitionId, id, individualId, sessionId) VALUES (2, '2021-05-27', 246810, 27, 3, 6807);
INSERT INTO Event (channelId, eventDate, eventDefinitionId, id, individualId, sessionId) VALUES (2, '2021-05-30', 246810, 28, 5, 6808);
INSERT INTO Event (channelId, eventDate, eventDefinitionId, id, individualId, sessionId) VALUES (2, '2021-05-31', 246810, 29, 6, 6809);
INSERT INTO Event (channelId, eventDate, eventDefinitionId, id, individualId, sessionId) VALUES (2, '2021-06-01', 246810, 30, 8, 6810);
INSERT INTO Event (channelId, eventDate, eventDefinitionId, id, individualId, sessionId) VALUES (2, '2021-06-02', 246810, 31, 10, 6811);
INSERT INTO Event (channelId, eventDate, eventDefinitionId, id, individualId, sessionId) VALUES (1, '2021-05-13', 246810, 32, 1, 6812);
INSERT INTO Event (channelId, eventDate, eventDefinitionId, id, individualId, sessionId) VALUES (1, '2021-05-13', 246810, 33, 2, 6813);
INSERT INTO Event (channelId, eventDate, eventDefinitionId, id, individualId, sessionId) VALUES (1, '2021-05-13', 246810, 34, 3, 6814);

INSERT INTO EventAttribute (eventAttributeDefinitionId, eventDate, eventId, value) VALUES (12345, '2021-05-17 10:00:00', 1, 'https://www.beryl.com/design');
INSERT INTO EventAttribute (eventAttributeDefinitionId, eventDate, eventId, value) VALUES (23456, '2021-05-17 10:00:00', 1, 'Beryl Design');
INSERT INTO EventAttribute (eventAttributeDefinitionId, eventDate, eventId, value) VALUES (34567, '2021-05-17 10:00:00', 1, '400');
INSERT INTO EventAttribute (eventAttributeDefinitionId, eventDate, eventId, value) VALUES (45678, '2021-05-13 10:00:00', 1, '1.68');
INSERT INTO EventAttribute (eventAttributeDefinitionId, eventDate, eventId, value) VALUES (12345, '2021-05-17 10:00:00', 6, 'https://www.beryl.com/design');
INSERT INTO EventAttribute (eventAttributeDefinitionId, eventDate, eventId, value) VALUES (23456, '2021-05-17 10:00:00', 6, 'Beryl Design');
INSERT INTO EventAttribute (eventAttributeDefinitionId, eventDate, eventId, value) VALUES (34567, '2021-05-17 10:00:00', 6, '404');
INSERT INTO EventAttribute (eventAttributeDefinitionId, eventDate, eventId, value) VALUES (45678, '2021-05-13 10:00:00', 6, '1.99');
INSERT INTO EventAttribute (eventAttributeDefinitionId, eventDate, eventId, value) VALUES (12345, '2021-05-17 10:00:00', 7, 'https://www.beryl.com/design');
INSERT INTO EventAttribute (eventAttributeDefinitionId, eventDate, eventId, value) VALUES (23456, '2021-05-17 10:00:00', 7, 'Beryl Design');
INSERT INTO EventAttribute (eventAttributeDefinitionId, eventDate, eventId, value) VALUES (34567, '2021-05-17 10:00:00', 7, '200');
INSERT INTO EventAttribute (eventAttributeDefinitionId, eventDate, eventId, value) VALUES (45678, '2021-05-13 10:00:00', 7, '1.44');
INSERT INTO EventAttribute (eventAttributeDefinitionId, eventDate, eventId, value) VALUES (12345, '2021-05-17 10:00:00', 8, 'https://www.beryl.com/design');
INSERT INTO EventAttribute (eventAttributeDefinitionId, eventDate, eventId, value) VALUES (23456, '2021-05-17 10:00:00', 8, 'Beryl Design');
INSERT INTO EventAttribute (eventAttributeDefinitionId, eventDate, eventId, value) VALUES (34567, '2021-05-17 10:00:00', 8, '400');
INSERT INTO EventAttribute (eventAttributeDefinitionId, eventDate, eventId, value) VALUES (45678, '2021-05-13 10:00:00', 8, '4.00');
INSERT INTO EventAttribute (eventAttributeDefinitionId, eventDate, eventId, value) VALUES (12345, '2021-05-17 10:00:00', 9, 'https://www.beryl.com/design');
INSERT INTO EventAttribute (eventAttributeDefinitionId, eventDate, eventId, value) VALUES (23456, '2021-05-17 10:00:00', 9, 'Beryl Design');
INSERT INTO EventAttribute (eventAttributeDefinitionId, eventDate, eventId, value) VALUES (34567, '2021-05-17 10:00:00', 9, '400');
INSERT INTO EventAttribute (eventAttributeDefinitionId, eventDate, eventId, value) VALUES (45678, '2021-05-13 10:00:00', 9, '0.05');
INSERT INTO EventAttribute (eventAttributeDefinitionId, eventDate, eventId, value) VALUES (12345, '2021-05-20 13:00:00', 10, 'https://www.beryl.com/products');
INSERT INTO EventAttribute (eventAttributeDefinitionId, eventDate, eventId, value) VALUES (23456, '2021-05-20 12:00:00', 10, 'Beryl Products');
INSERT INTO EventAttribute (eventAttributeDefinitionId, eventDate, eventId, value) VALUES (34567, '2021-05-20 12:00:00', 10, '400');
INSERT INTO EventAttribute (eventAttributeDefinitionId, eventDate, eventId, value) VALUES (45678, '2021-05-13 10:00:00', 10, '9.99');
INSERT INTO EventAttribute (eventAttributeDefinitionId, eventDate, eventId, value) VALUES (12345, '2021-05-20 13:00:00', 11, 'https://www.beryl.com/products');
INSERT INTO EventAttribute (eventAttributeDefinitionId, eventDate, eventId, value) VALUES (23456, '2021-05-20 12:00:00', 11, 'Beryl Products');
INSERT INTO EventAttribute (eventAttributeDefinitionId, eventDate, eventId, value) VALUES (34567, '2021-05-20 12:00:00', 11, '400');
INSERT INTO EventAttribute (eventAttributeDefinitionId, eventDate, eventId, value) VALUES (45678, '2021-05-13 10:00:00', 11, '1.024');
INSERT INTO EventAttribute (eventAttributeDefinitionId, eventDate, eventId, value) VALUES (12345, '2021-05-20 13:00:00', 12, 'https://www.beryl.com/products');
INSERT INTO EventAttribute (eventAttributeDefinitionId, eventDate, eventId, value) VALUES (23456, '2021-05-20 12:00:00', 12, 'Beryl Products');
INSERT INTO EventAttribute (eventAttributeDefinitionId, eventDate, eventId, value) VALUES (34567, '2021-05-20 12:00:00', 12, '400');
INSERT INTO EventAttribute (eventAttributeDefinitionId, eventDate, eventId, value) VALUES (45678, '2021-05-13 10:00:00', 12, '2');
INSERT INTO EventAttribute (eventAttributeDefinitionId, eventDate, eventId, value) VALUES (12345, '2021-05-20 13:00:00', 13, 'https://www.beryl.com/products');
INSERT INTO EventAttribute (eventAttributeDefinitionId, eventDate, eventId, value) VALUES (23456, '2021-05-20 12:00:00', 13, 'Beryl Products');
INSERT INTO EventAttribute (eventAttributeDefinitionId, eventDate, eventId, value) VALUES (34567, '2021-05-20 12:00:00', 13, '400');
INSERT INTO EventAttribute (eventAttributeDefinitionId, eventDate, eventId, value) VALUES (45678, '2021-05-13 10:00:00', 13, '1.01');
INSERT INTO EventAttribute (eventAttributeDefinitionId, eventDate, eventId, value) VALUES (12345, '2021-05-22 10:00:00', 14, 'https://www.beryl.com/blogs');
INSERT INTO EventAttribute (eventAttributeDefinitionId, eventDate, eventId, value) VALUES (23456, '2021-05-22 10:00:00', 14, 'Beryl Blogs');
INSERT INTO EventAttribute (eventAttributeDefinitionId, eventDate, eventId, value) VALUES (34567, '2021-05-20 12:00:00', 14, '400');
INSERT INTO EventAttribute (eventAttributeDefinitionId, eventDate, eventId, value) VALUES (45678, '2021-05-13 10:00:00', 14, '5.10');
INSERT INTO EventAttribute (eventAttributeDefinitionId, eventDate, eventId, value) VALUES (12345, '2021-05-22 10:00:00', 15, 'https://www.beryl.com/blogs');
INSERT INTO EventAttribute (eventAttributeDefinitionId, eventDate, eventId, value) VALUES (23456, '2021-05-22 10:00:00', 15, 'Beryl Blogs');
INSERT INTO EventAttribute (eventAttributeDefinitionId, eventDate, eventId, value) VALUES (34567, '2021-05-20 12:00:00', 15, '500');
INSERT INTO EventAttribute (eventAttributeDefinitionId, eventDate, eventId, value) VALUES (45678, '2021-05-13 10:00:00', 15, '8.88');
INSERT INTO EventAttribute (eventAttributeDefinitionId, eventDate, eventId, value) VALUES (12345, '2021-05-22 10:00:00', 16, 'https://www.beryl.com/blogs');
INSERT INTO EventAttribute (eventAttributeDefinitionId, eventDate, eventId, value) VALUES (23456, '2021-05-22 10:00:00', 16, 'Beryl Blogs');
INSERT INTO EventAttribute (eventAttributeDefinitionId, eventDate, eventId, value) VALUES (34567, '2021-05-20 12:00:00', 16, '300');
INSERT INTO EventAttribute (eventAttributeDefinitionId, eventDate, eventId, value) VALUES (45678, '2021-05-13 10:00:00', 16, '2.89');
INSERT INTO EventAttribute (eventAttributeDefinitionId, eventDate, eventId, value) VALUES (12345, '2021-05-13 10:00:00', 32, 'https://www.beryl.com/design');
INSERT INTO EventAttribute (eventAttributeDefinitionId, eventDate, eventId, value) VALUES (23456, '2021-05-13 10:00:00', 32, 'Beryl Design');
INSERT INTO EventAttribute (eventAttributeDefinitionId, eventDate, eventId, value) VALUES (34567, '2021-05-13 10:00:00', 32, '400');
INSERT INTO EventAttribute (eventAttributeDefinitionId, eventDate, eventId, value) VALUES (45678, '2021-05-13 10:00:00', 32, '1.25');
INSERT INTO EventAttribute (eventAttributeDefinitionId, eventDate, eventId, value) VALUES (12345, '2021-05-13 10:00:00', 33, 'https://www.beryl.com/design');
INSERT INTO EventAttribute (eventAttributeDefinitionId, eventDate, eventId, value) VALUES (23456, '2021-05-13 10:00:00', 33, 'Beryl Design');
INSERT INTO EventAttribute (eventAttributeDefinitionId, eventDate, eventId, value) VALUES (34567, '2021-05-13 10:00:00', 33, '400');
INSERT INTO EventAttribute (eventAttributeDefinitionId, eventDate, eventId, value) VALUES (45678, '2021-05-13 10:00:00', 33, '4.20');
INSERT INTO EventAttribute (eventAttributeDefinitionId, eventDate, eventId, value) VALUES (12345, '2021-05-13 10:00:00', 34, 'https://www.beryl.com/design');
INSERT INTO EventAttribute (eventAttributeDefinitionId, eventDate, eventId, value) VALUES (23456, '2021-05-13 10:00:00', 34, 'Beryl Design');
INSERT INTO EventAttribute (eventAttributeDefinitionId, eventDate, eventId, value) VALUES (34567, '2021-05-13 10:00:00', 34, '400');
INSERT INTO EventAttribute (eventAttributeDefinitionId, eventDate, eventId, value) VALUES (45678, '2021-05-13 10:00:00', 34, '1.38');