INSERT INTO IdentityInterestPage (canonicalUrl, channelId, identityId, keyword, title, views) VALUES ('https://www.know-your-ratios.com/distance', 1, '23192c67-e005-47bf-90ae-d5a05faae320', 'distance', 'Know Your Ratios - Distance', 13);
INSERT INTO IdentityInterestPage (canonicalUrl, channelId, identityId, keyword, title, views) VALUES ('https://www.know-your-ratios.com/distance', 1, '23192c67-e005-47bf-90ae-d5a05faae320', 'ratio', 'Know Your Ratios - Distance', 13);
INSERT INTO IdentityInterestPage (canonicalUrl, channelId, identityId, keyword, title, views) VALUES ('https://www.know-your-ratios.com/time', 1, '23192c67-e005-47bf-90ae-d5a05faae320', 'ratio', 'Know Your Ratios - Time', 7);
INSERT INTO IdentityInterestPage (canonicalUrl, channelId, identityId, keyword, title, views) VALUES ('https://www.know-your-ratios.com/time', 1, '23192c67-e005-47bf-90ae-d5a05faae320', 'time', 'Know Your Ratios - Time', 7);
INSERT INTO IdentityInterestPage (canonicalUrl, channelId, identityId, keyword, title, views) VALUES ('https://www.know-your-ratios.com', 1, '9032ec07-fddb-4f71-bc7f-ab46741a280a', 'ratio', 'Know Your Ratios - Home', 2);
INSERT INTO IdentityInterestPage (canonicalUrl, channelId, identityId, keyword, title, views) VALUES ('https://www.liferay.com/liferay-experience', 1, '9032ec07-fddb-4f71-bc7f-ab46741a280a', 'Liferay\'s Experience', 'Liferay Experience', 2);
INSERT INTO IdentityInterestPage (canonicalUrl, channelId, identityId, keyword, title, views) VALUES ('https://www.liferay.com/you-re-awesome', 1, '9032ec07-fddb-4f71-bc7f-ab46741a280a', 'You\'re', 'Liferay Experience', 2);
INSERT INTO IdentityInterestPage (canonicalUrl, channelId, identityId, keyword, title, views) VALUES ('https://www.know-your-ratios.com/weight', 1, '9032ec07-fddb-4f71-bc7f-ab46741a280a', 'ratio', 'Know Your Ratios - Weight', 6);
INSERT INTO IdentityInterestPage (canonicalUrl, channelId, identityId, keyword, title, views) VALUES ('https://www.know-your-ratios.com/weight', 1, '9032ec07-fddb-4f71-bc7f-ab46741a280a', 'weight', 'Know Your Ratios - Weight', 6);
INSERT INTO IdentityInterestPage (canonicalUrl, channelId, identityId, keyword, title, views) VALUES ('https://www.know-your-ratios.com/volume', 1, 'c4058ed7-d69c-4ca3-91e8-895a5df7f93c', 'ratio', 'Know Your Ratios - Volume', 7);
INSERT INTO IdentityInterestPage (canonicalUrl, channelId, identityId, keyword, title, views) VALUES ('https://www.know-your-ratios.com/volume', 1, 'c4058ed7-d69c-4ca3-91e8-895a5df7f93c', 'volume', 'Know Your Ratios - Volume', 7);
INSERT INTO IdentityInterestPage (canonicalUrl, channelId, identityId, keyword, title, views) VALUES ('https://www.calculator.com/basic', 2, 'd061e87e-4165-4afa-8b7b-5bc4fdf11211', 'basic', 'Basic Calculator', 7);
INSERT INTO IdentityInterestPage (canonicalUrl, channelId, identityId, keyword, title, views) VALUES ('https://www.calculator.com/basic', 2, 'd061e87e-4165-4afa-8b7b-5bc4fdf11211', 'compute', 'Basic Calculator', 7);
INSERT INTO IdentityInterestPage (canonicalUrl, channelId, identityId, keyword, title, views) VALUES ('https://www.calculator.com/basic', 2, 'd061e87e-4165-4afa-8b7b-5bc4fdf11211', 'ratio', 'Basic Calculator', 7);
INSERT INTO IdentityInterestPage (canonicalUrl, channelId, identityId, keyword, title, views) VALUES ('https://www.calculator.com/scientific', 2, '501c3c5a-4e5a-4b8e-9722-541e3749d4d8', 'compute', 'Scientific Calculator', 7);
INSERT INTO IdentityInterestPage (canonicalUrl, channelId, identityId, keyword, title, views) VALUES ('https://www.calculator.com/scientific', 2, '501c3c5a-4e5a-4b8e-9722-541e3749d4d8', 'ratio', 'Scientific Calculator', 7);
INSERT INTO IdentityInterestPage (canonicalUrl, channelId, identityId, keyword, title, views) VALUES ('https://www.calculator.com/scientific', 2, '501c3c5a-4e5a-4b8e-9722-541e3749d4d8', 'scientific', 'Scientific Calculator', 7);

INSERT INTO Identity_Raw (createDate, id, individualId, projectId) VALUES (TIMESTAMP '${today}', '23192c67-e005-47bf-90ae-d5a05faae320', 'e99bd0305d9cf1caf3f2fb436bd298ba4cd86e8660e182962b0878bbb1fe7bbe', 'test');
INSERT INTO Identity_Raw (createDate, id, individualId, projectId) VALUES (TIMESTAMP '${today}', '9032ec07-fddb-4f71-bc7f-ab46741a280a', 'ae9fbeefab123032b0ce91e946ec50930aeb2f55116ee887d142a6c32f4fd9f4', 'test');
INSERT INTO Identity_Raw (createDate, id, individualId, projectId) VALUES (TIMESTAMP '${today}', 'c4058ed7-d69c-4ca3-91e8-895a5df7f93c', '19382bd84f94bb7084c2c38f679c6bd1705415b9c0724b7b881ad381fd8d509a', 'test');
INSERT INTO Identity_Raw (createDate, id, individualId, projectId) VALUES (TIMESTAMP '${today}', 'd061e87e-4165-4afa-8b7b-5bc4fdf11211', '7c40b7f9268a4b0a0345691511e5597eb9fcfa1a3eaca030db49c69c14a24677', 'test');
INSERT INTO Identity_Raw (createDate, id, individualId, projectId) VALUES (TIMESTAMP '${today}', '501c3c5a-4e5a-4b8e-9722-541e3749d4d8', 'db293e0c25315fc693e04b88a156a138c854c33d29d9b22a7fca545086f3f78a', 'test');

INSERT INTO Membership (createDate, identityId, individualId, modifiedDate, segmentId, status) VALUES (TIMESTAMP '${today}', '23192c67-e005-47bf-90ae-d5a05faae320', 'e99bd0305d9cf1caf3f2fb436bd298ba4cd86e8660e182962b0878bbb1fe7bbe', TIMESTAMP '${now}', 1234567891011, 'ACTIVE');
INSERT INTO Membership (createDate, identityId, individualId, modifiedDate, segmentId, status) VALUES (TIMESTAMP '${today}', '9032ec07-fddb-4f71-bc7f-ab46741a280a', 'ae9fbeefab123032b0ce91e946ec50930aeb2f55116ee887d142a6c32f4fd9f4', TIMESTAMP '${now}', 1234567891011, 'ACTIVE');
INSERT INTO Membership (createDate, identityId, individualId, modifiedDate, segmentId, status) VALUES (TIMESTAMP '${today}', 'c4058ed7-d69c-4ca3-91e8-895a5df7f93c', '19382bd84f94bb7084c2c38f679c6bd1705415b9c0724b7b881ad381fd8d509a', TIMESTAMP '${now}', 1234567891011, 'ACTIVE');
INSERT INTO Membership (createDate, identityId, individualId, modifiedDate, segmentId, status) VALUES (TIMESTAMP '${today}', '9032ec07-fddb-4f71-bc7f-ab46741a280a', 'ae9fbeefab123032b0ce91e946ec50930aeb2f55116ee887d142a6c32f4fd9f4', TIMESTAMP '${now}', 3456789101112, 'ACTIVE');