INSERT INTO Event (id, canonicalUrl, channelId, eventDate, eventId, sessionId, title, userId) VALUES ('1', 'http://liferay.com', 1, timestamp '${today-1d}', 'assetClicked', '1', 'Liferay', '1');
INSERT INTO Event (id, canonicalUrl, channelId, eventDate, eventId, sessionId, title, userId) VALUES ('2', 'http://liferay.com', 1, timestamp '${today-1d}', 'assetClicked', '2', 'Liferay', '2');
INSERT INTO Event (id, canonicalUrl, channelId, eventDate, eventId, sessionId, title, userId) VALUES ('3', 'http://liferay.com', 1, timestamp '${today-1d}', 'assetClicked', '3', 'Liferay', '3');
INSERT INTO Event (id, canonicalUrl, channelId, eventDate, eventId, sessionId, title, userId) VALUES ('4', 'http://liferay.com', 1, timestamp '${today-1d}', 'assetClicked', '4', 'Liferay', '4');
INSERT INTO Event (id, canonicalUrl, channelId, eventDate, eventId, sessionId, title, userId) VALUES ('5', 'http://liferay.com', 1, timestamp '${today-3d}', 'assetClicked', '5', 'Liferay', '1');
INSERT INTO Event (id, canonicalUrl, channelId, eventDate, eventId, sessionId, title, userId) VALUES ('6', 'http://liferay.com', 1, timestamp '${today-3d}', 'assetClicked', '6', 'Liferay', '2');
INSERT INTO Event (id, canonicalUrl, channelId, eventDate, eventId, sessionId, title, userId) VALUES ('7', 'http://liferay.com', 1, timestamp '${today-4d}', 'assetClicked', '7', 'Liferay', '1');
INSERT INTO Event (id, canonicalUrl, channelId, eventDate, eventId, sessionId, title, userId) VALUES ('8', 'http://liferay.com', 1, timestamp '${today-6d}', 'assetClicked', '7', 'Liferay', '1');
INSERT INTO Event (id, canonicalUrl, channelId, eventDate, eventId, sessionId, title, userId) VALUES ('9', 'http://liferay.com', 1, timestamp '${today-6d}', 'assetClicked', '8', 'Liferay', '1');
INSERT INTO Event (id, canonicalUrl, channelId, eventDate, eventId, sessionId, title, userId) VALUES ('10', 'http://liferay.com', 1, timestamp '${today-6d}', 'assetClicked', '9', 'Liferay', '3');
INSERT INTO Event (id, canonicalUrl, channelId, eventDate, eventId, sessionId, title, userId) VALUES ('11', 'http://liferay.com', 1, timestamp '${today-6d}', 'assetClicked', '10', 'Liferay', '3');
INSERT INTO Event (id, canonicalUrl, channelId, eventDate, eventId, sessionId, title, userId) VALUES ('12', 'http://liferay.com', 1, timestamp '${today-10d}', 'assetClicked', '11', 'Liferay', '1');
INSERT INTO Event (id, canonicalUrl, channelId, eventDate, eventId, sessionId, title, userId) VALUES ('13', 'http://liferay.com', 1, timestamp '${today-10d}', 'assetClicked', '12', 'Liferay', '4');
INSERT INTO Event (id, canonicalUrl, channelId, eventDate, eventId, sessionId, title, userId) VALUES ('14', 'http://liferay.com', 1, timestamp '${today-11d}', 'assetClicked', '13', 'Liferay', '5');
INSERT INTO Event (id, canonicalUrl, channelId, eventDate, eventId, sessionId, title, userId) VALUES ('15', 'http://liferay.com', 1, timestamp '${today-12d}', 'assetClicked', '14', 'Liferay', '6');
INSERT INTO Event (id, canonicalUrl, channelId, eventDate, eventId, sessionId, title, userId) VALUES ('16', 'http://liferay.com', 1, timestamp '${today-12d}', 'assetClicked', '14', 'Liferay', '6');
INSERT INTO Event (id, canonicalUrl, channelId, eventDate, eventId, sessionId, title, userId) VALUES ('17', 'http://liferay.com', 1, timestamp '${today-12d}', 'assetClicked', '15', 'Liferay', '1');

INSERT INTO Identity_Raw (id, individualId) VALUES ('1', '1');
INSERT INTO Identity_Raw (id, individualId) VALUES ('2', '2');
INSERT INTO Identity_Raw (id, individualId) VALUES ('3', '3');
INSERT INTO Identity_Raw (id, individualId) VALUES ('4', '4');

INSERT INTO Individual (id) VALUES ('1');
INSERT INTO Individual (id) VALUES ('2');
INSERT INTO Individual (id) VALUES ('3');

INSERT INTO Session (channelId, id, sessionEnd, sessionStart, userId) VALUES (1, '1', timestamp '${today-1d}', timestamp '${today-1d}', '1');
INSERT INTO Session (channelId, id, sessionEnd, sessionStart, userId) VALUES (1, '2', timestamp '${today-1d}', timestamp '${today-1d}', '2');
INSERT INTO Session (channelId, id, sessionEnd, sessionStart, userId) VALUES (1, '3', timestamp '${today-1d}', timestamp '${today-1d}', '3');
INSERT INTO Session (channelId, id, sessionEnd, sessionStart, userId) VALUES (1, '4', timestamp '${today-1d}', timestamp '${today-1d}', '4');
INSERT INTO Session (channelId, id, sessionEnd, sessionStart, userId) VALUES (1, '5', timestamp '${today-3d}', timestamp '${today-3d}', '1');
INSERT INTO Session (channelId, id, sessionEnd, sessionStart, userId) VALUES (1, '6', timestamp '${today-3d}', timestamp '${today-3d}', '2');
INSERT INTO Session (channelId, id, sessionEnd, sessionStart, userId) VALUES (1, '7', timestamp '${today-4d}', timestamp '${today-4d}', '1');
INSERT INTO Session (channelId, id, sessionEnd, sessionStart, userId) VALUES (1, '8', timestamp '${today-6d}', timestamp '${today-6d}', '1');
INSERT INTO Session (channelId, id, sessionEnd, sessionStart, userId) VALUES (1, '9', timestamp '${today-6d}', timestamp '${today-6d}', '3');
INSERT INTO Session (channelId, id, sessionEnd, sessionStart, userId) VALUES (1, '10', timestamp '${today-6d}', timestamp '${today-6d}', '3');
INSERT INTO Session (channelId, id, sessionEnd, sessionStart, userId) VALUES (1, '11', timestamp '${today-10d}', timestamp '${today-10d}', '1');
INSERT INTO Session (channelId, id, sessionEnd, sessionStart, userId) VALUES (1, '12', timestamp '${today-10d}', timestamp '${today-10d}', '4');
INSERT INTO Session (channelId, id, sessionEnd, sessionStart, userId) VALUES (1, '13', timestamp '${today-11d}', timestamp '${today-11d}', '5');
INSERT INTO Session (channelId, id, sessionEnd, sessionStart, userId) VALUES (1, '14', timestamp '${today-12d}', timestamp '${today-12d}', '6');
INSERT INTO Session (channelId, id, sessionEnd, sessionStart, userId) VALUES (1, '15', timestamp '${today-12d}', timestamp '${today-12d}', '1');