INSERT INTO Event (applicationId, assetId, assetTitle, canonicalUrl, channelId, eventDate, eventId, id, title, userId) VALUES ('Page', 'e131fabc', 'Asset Title 1', 'https://www.beryl.com/products/commercial/irrigation/FF-2100', 1, '${now}', 'pageViewed', '1', 'Title 1', 'a669d945-4493-4aa2-b71b-32f92f51ef53');
INSERT INTO Event (applicationId, assetId, assetTitle, canonicalUrl, channelId, eventDate, eventId, id, title, userId) VALUES ('Page', 'e131fabc', 'Asset Title 1', 'https://www.beryl.com/products/commercial/irrigation/FF-2100', 1, '${now-10h}', 'pageViewed', '2', 'Title 1', '9b181b6a-27f5-48a1-97a0-956fe7488dc5');
INSERT INTO Event (applicationId, assetId, assetTitle, canonicalUrl, channelId, eventDate, eventId, id, title, userId) VALUES ('Page', 'e131fabc', 'Asset Title 1', 'https://www.beryl.com/products/commercial/irrigation/FF-2100', 1, '${now-10h}', 'pageViewed', '3', 'Title 1', '9b181b6a-27f5-48a1-97a0-956fe7488dc5');
INSERT INTO Event (applicationId, assetId, assetTitle, canonicalUrl, channelId, eventDate, eventId, id, title, userId) VALUES ('Page', 'e131fabc', 'Asset Title 1', 'https://www.beryl.com/products/commercial/irrigation/FF-2100', 1, '${now-10h}', 'pageViewed', '4', 'Title 1', '9b181b6a-27f5-48a1-97a0-956fe7488dc5');
INSERT INTO Event (applicationId, assetId, assetTitle, canonicalUrl, channelId, eventDate, eventId, id, title, userId) VALUES ('Page', 'e131fabc', 'Asset Title 1', 'https://www.beryl.com/products/commercial/irrigation/FF-2100', 1, '${now-10h}', 'pageViewed', '5', 'Title 1', '9b181b6a-27f5-48a1-97a0-956fe7488dc5');
INSERT INTO Event (applicationId, assetId, assetTitle, canonicalUrl, channelId, eventDate, eventId, id, title, userId) VALUES ('Page', 'e131fabc', 'Asset Title 1', 'https://www.beryl.com/products/commercial/irrigation/FF-2100', 1, '${now-7h}', 'pageViewed', '6', 'Title 1', '78cc98af-2cd5-4a80-b1db-142b43e27eac');
INSERT INTO Event (applicationId, assetId, assetTitle, canonicalUrl, channelId, eventDate, eventId, id, title, userId) VALUES ('Page', 'e131fabc', 'Asset Title 1', 'https://www.beryl.com/products/commercial/irrigation/FF-2100', 1, '${now-7h}', 'pageViewed', '7', 'Title 1', '78cc98af-2cd5-4a80-b1db-142b43e27eac');
INSERT INTO Event (applicationId, assetId, assetTitle, canonicalUrl, channelId, eventDate, eventId, id, title, userId) VALUES ('Page', 'e131fabc', 'Asset Title 1', 'https://www.beryl.com/products/commercial/irrigation/FF-2100', 2, '${now-8h}', 'pageViewed', '8', 'Title 1', 'b6890a65-67d2-4122-a55b-b2078143662f');
INSERT INTO Event (applicationId, assetId, assetTitle, canonicalUrl, channelId, eventDate, eventId, id, title, userId) VALUES ('Page', 'e131fabc', 'Asset Title 1', 'https://www.beryl.com/products/commercial/irrigation/FF-2100', 2, '${now-8h}', 'pageViewed', '9', 'Title 1', 'b6890a65-67d2-4122-a55b-b2078143662f');
INSERT INTO Event (applicationId, assetId, assetTitle, canonicalUrl, channelId, eventDate, eventId, id, title, userId) VALUES ('Page', 'e131fabc', 'Asset Title 1', 'https://www.beryl.com/products/commercial/irrigation/FF-2100', 2, '${now-8h}', 'pageViewed', '10', 'Title 1', 'b6890a65-67d2-4122-a55b-b2078143662f');
INSERT INTO Event (applicationId, assetId, assetTitle, canonicalUrl, channelId, eventDate, eventId, id, title, userId) VALUES ('Page', 'e131fabc', 'Asset Title 1', 'https://www.beryl.com/products/commercial/irrigation/FF-2100', 2, '${now-8h}', 'pageViewed', '11', 'Title 1', 'b6890a65-67d2-4122-a55b-b2078143662f');
INSERT INTO Event (applicationId, assetId, assetTitle, canonicalUrl, channelId, eventDate, eventId, id, title, userId) VALUES ('Page', 'e131fabc', 'Asset Title 1', 'https://www.beryl.com/products/commercial/irrigation/FF-2100', 2, '${now-8h}', 'pageViewed', '12', 'Title 1', 'b6890a65-67d2-4122-a55b-b2078143662f');
INSERT INTO Event (applicationId, assetId, assetTitle, canonicalUrl, channelId, eventDate, eventId, id, title, userId) VALUES ('Page', 'e131fabc', 'Asset Title 1', 'https://www.beryl.com/products/commercial/irrigation/FF-2100', 1, '${now-25h}', 'pageViewed', '13', 'Title 1', '55dfb626-91c4-4e97-8241-5bc95100b072');
INSERT INTO Event (applicationId, assetId, assetTitle, canonicalUrl, channelId, eventDate, eventId, id, title, userId) VALUES ('Page', 'e131fabc', 'Asset Title 1', 'https://www.beryl.com/products/commercial/irrigation/FF-2100', 1, '${now-25h}', 'pageViewed', '14', 'Title 1', '55dfb626-91c4-4e97-8241-5bc95100b072');
INSERT INTO Event (applicationId, assetId, assetTitle, canonicalUrl, channelId, eventDate, eventId, id, title, userId) VALUES ('Page', 'e131fabc', 'Asset Title 1', 'https://www.beryl.com/products/commercial/irrigation/FF-2100', 1, '${now-25h}', 'pageViewed', '15', 'Title 1', '55dfb626-91c4-4e97-8241-5bc95100b072');
INSERT INTO Event (applicationId, assetId, assetTitle, canonicalUrl, channelId, eventDate, eventId, id, title, userId) VALUES ('Page', 'e131fabc', 'Asset Title 1', 'https://www.beryl.com/products/commercial/irrigation/FF-2100', 1, '${now-25h}', 'pageViewed', '16', 'Title 1', '55dfb626-91c4-4e97-8241-5bc95100b072');
INSERT INTO Event (applicationId, assetId, assetTitle, canonicalUrl, channelId, eventDate, eventId, id, title, userId) VALUES ('Page', 'e131fabc', 'Asset Title 1', 'https://www.beryl.com/products/commercial/irrigation/FF-2100', 1, '${now-26h}', 'pageViewed', '17', 'Title 1', 'd90653ce-6362-42bf-a035-a83827d12fbd');
INSERT INTO Event (applicationId, assetId, assetTitle, canonicalUrl, channelId, eventDate, eventId, id, title, userId) VALUES ('Page', 'e131fabc', 'Asset Title 1', 'https://www.beryl.com/products/commercial/irrigation/FF-2100', 1, '${now-26h}', 'pageViewed', '18', 'Title 1', 'd90653ce-6362-42bf-a035-a83827d12fbd');
INSERT INTO Event (applicationId, assetId, assetTitle, canonicalUrl, channelId, eventDate, eventId, id, title, userId) VALUES ('Page', 'e131fabc', 'Asset Title 1', 'https://www.beryl.com/products/commercial/irrigation/FF-2100', 1, '${now-26h}', 'pageViewed', '19', 'Title 1', 'd90653ce-6362-42bf-a035-a83827d12fbd');
INSERT INTO Event (applicationId, assetId, assetTitle, canonicalUrl, channelId, eventDate, eventId, id, title, userId) VALUES ('Page', 'e131fabc', 'Asset Title 1', 'https://www.beryl.com/products/commercial/irrigation/FF-2100', 1, '${now-26h}', 'pageViewed', '20', 'Title 1', 'd90653ce-6362-42bf-a035-a83827d12fbd');
INSERT INTO Event (applicationId, assetId, assetTitle, canonicalUrl, channelId, eventDate, eventId, id, title, userId) VALUES ('Page', 'a73ihsy9', 'Asset Title 2', 'https://www.beryl.com/delivery', 1, '${now-5h}', 'pageViewed', '21', 'Title 2', '6d467f25-95f4-4aa2-a13b-c2941ff09037');
INSERT INTO Event (applicationId, assetId, assetTitle, canonicalUrl, channelId, eventDate, eventId, id, title, userId) VALUES ('Page', 'a73ihsy9', 'Asset Title 2', 'https://www.beryl.com/delivery', 1, '${now-5h}', 'pageViewed', '22', 'Title 2', '6d467f25-95f4-4aa2-a13b-c2941ff09037');
INSERT INTO Event (applicationId, assetId, assetTitle, canonicalUrl, channelId, eventDate, eventId, id, title, userId) VALUES ('Page', 'a73ihsy9', 'Asset Title 2', 'https://www.beryl.com/delivery', 1, '${now-5h}', 'pageViewed', '23', 'Title 2', '6d467f25-95f4-4aa2-a13b-c2941ff09037');
INSERT INTO Event (applicationId, assetId, assetTitle, canonicalUrl, channelId, eventDate, eventId, id, title, userId) VALUES ('Page', 'a73ihsy9', 'Asset Title 2', 'https://www.beryl.com/delivery', 1, '${now-5h}', 'pageViewed', '24', 'Title 2', '6d467f25-95f4-4aa2-a13b-c2941ff09037');
INSERT INTO Event (applicationId, assetId, assetTitle, canonicalUrl, channelId, eventDate, eventId, id, title, userId) VALUES ('Page', 'a73ihsy9', 'Asset Title 2', 'https://www.beryl.com/delivery', 1, '${now-6h}', 'pageViewed', '25', 'Title 2', 'ac7b8153-1813-4825-934c-aaba7852609c');
INSERT INTO Event (applicationId, assetId, assetTitle, canonicalUrl, channelId, eventDate, eventId, id, title, userId) VALUES ('Page', 'a73ihsy9', 'Asset Title 2', 'https://www.beryl.com/delivery', 1, '${now-6h}', 'pageViewed', '26', 'Title 2', 'ac7b8153-1813-4825-934c-aaba7852609c');

INSERT INTO Identity_Raw (id, individualId) VALUES ('a669d945-4493-4aa2-b71b-32f92f51ef53', '1001');
INSERT INTO Identity_Raw (id, individualId) VALUES ('9b181b6a-27f5-48a1-97a0-956fe7488dc5', '1001');
INSERT INTO Identity_Raw (id, individualId) VALUES ('78cc98af-2cd5-4a80-b1db-142b43e27eac', '1003');
INSERT INTO Identity_Raw (id, individualId) VALUES ('b6890a65-67d2-4122-a55b-b2078143662f', '1004');
INSERT INTO Identity_Raw (id, individualId) VALUES ('55dfb626-91c4-4e97-8241-5bc95100b072', '1005');
INSERT INTO Identity_Raw (id, individualId) VALUES ('d90653ce-6362-42bf-a035-a83827d12fbd', '1006');
INSERT INTO Identity_Raw (id, individualId) VALUES ('6d467f25-95f4-4aa2-a13b-c2941ff09037', '1007');
INSERT INTO Identity_Raw (id, individualId) VALUES ('ac7b8153-1813-4825-934c-aaba7852609c', '1008');

INSERT INTO Individual (id) VALUES ('1001');
INSERT INTO Individual (id) VALUES ('1003');
INSERT INTO Individual (id) VALUES ('1005');
INSERT INTO Individual (id) VALUES ('1007');
INSERT INTO Individual (id) VALUES ('1008');