INSERT INTO Event (applicationId, channelId, createDate, eventDate, eventId, id, userId) VALUES ('Blog', 1, timestamp '${now}', timestamp '${now}', 'blogClicked', '1', 'abc-123');
INSERT INTO Event (applicationId, channelId, createDate, eventDate, eventId, id, userId) VALUES ('Blog', 1, timestamp '${now}', timestamp '${now}', 'blogClicked', '2', 'bcd-456');
INSERT INTO Event (applicationId, channelId, createDate, eventDate, eventId, id, userId) VALUES ('Blog', 1, timestamp '${now}', timestamp '${now}', 'blogClicked', '3', 'efg-789');
INSERT INTO Event (applicationId, channelId, createDate, eventDate, eventId, id, userId) VALUES ('Blog', 1, timestamp '${now}', timestamp '${now}', 'blogClicked', '4', 'hij-123');
INSERT INTO Event (applicationId, channelId, createDate, eventDate, eventId, id, userId) VALUES ('Blog', 1, timestamp '${now}', timestamp '${now}', 'blogClicked', '5', 'klm-456');
INSERT INTO Event (applicationId, channelId, createDate, eventDate, eventId, id, userId) VALUES ('Blog', 1, timestamp '${now}', timestamp '${now}', 'blogClicked', '6', 'nop-789');
INSERT INTO Event (applicationId, channelId, createDate, eventDate, eventId, id, userId) VALUES ('Blog', 1, timestamp '${now}', timestamp '${now}', 'blogClicked', '7', 'qrs-123');
INSERT INTO Event (applicationId, channelId, createDate, eventDate, eventId, id, userId) VALUES ('Blog', 1, timestamp '${now}', timestamp '${now}', 'blogClicked', '8', 'tuv-456');
INSERT INTO Event (applicationId, channelId, createDate, eventDate, eventId, id, userId) VALUES ('Blog', 1, timestamp '${now}', timestamp '${now}', 'blogClicked', '9', 'wxy-789');
INSERT INTO Event (applicationId, channelId, createDate, eventDate, eventId, id, userId) VALUES ('Blog', 1, timestamp '${now}', timestamp '${now}', 'blogClicked', '10', 'xyz-123');

INSERT INTO IdentityActivitySummary (activitiesCount, channelId, eventId, firstActivityDate, identityId, individualId, lastActivityDate) VALUES (1, 1, 'blogClicked', timestamp '2019-03-11T17:10:00.666Z', 'abc-123', 'c2ca75aa0f15bdaf918f704df63b6012bc8c92cf0000764f1016fd84b5d7e485', timestamp '${now}');
INSERT INTO IdentityActivitySummary (activitiesCount, channelId, eventId, firstActivityDate, identityId, individualId, lastActivityDate) VALUES (1, 1, 'blogClicked', timestamp '2019-03-11T17:10:00.666Z', 'bcd-456', '09d283764c971fbd2697396513679fe8ef5f416bfea42858b0c44289c4eb782f', timestamp '${now}');
INSERT INTO IdentityActivitySummary (activitiesCount, channelId, eventId, firstActivityDate, identityId, individualId, lastActivityDate) VALUES (1, 1, 'blogClicked', timestamp '2019-03-11T17:10:00.666Z', 'efg-789', '8bb3cd4319c4cc4df1addc31cb0fae500288133b91228a1cacb4ff2802446220', timestamp '${now}');
INSERT INTO IdentityActivitySummary (activitiesCount, channelId, eventId, firstActivityDate, identityId, individualId, lastActivityDate) VALUES (1, 1, 'blogClicked', timestamp '2019-03-11T17:10:00.666Z', 'hij-123', 'e9def3785eef54c84bda7c05374abd1dfd7393592771eab541cf6be6f9961cc9', timestamp '${now}');
INSERT INTO IdentityActivitySummary (activitiesCount, channelId, eventId, firstActivityDate, identityId, individualId, lastActivityDate) VALUES (1, 1, 'blogClicked', timestamp '2019-03-11T17:10:00.666Z', 'klm-456', '05e8bcb3da4d10aeb7947b291867a42402f984e963bc23331ccf58d514f4f504', timestamp '${now}');
INSERT INTO IdentityActivitySummary (activitiesCount, channelId, eventId, firstActivityDate, identityId, individualId, lastActivityDate) VALUES (1, 1, 'blogClicked', timestamp '2019-03-11T17:10:00.666Z', 'nop-789', 'db51c8a5e1afec38ca2d612d1b5018b57361a0a331ed6bda23c6dcbc89944a3b', timestamp '${now}');
INSERT INTO IdentityActivitySummary (activitiesCount, channelId, eventId, firstActivityDate, identityId, individualId, lastActivityDate) VALUES (1, 1, 'blogClicked', timestamp '2019-03-11T17:10:00.666Z', 'qrs-123', '74a63c6d6f9ab0e4c7e22e06d02ba5f505271cd634170f1b1eff208b8cee9247', timestamp '${now}');
INSERT INTO IdentityActivitySummary (activitiesCount, channelId, eventId, firstActivityDate, identityId, individualId, lastActivityDate) VALUES (1, 1, 'blogClicked', timestamp '2019-03-11T17:10:00.666Z', 'tuv-456', 'debfa145d297f2c07482f6e1905ac31a1e3aacfe9d5b1bdf89e00ff9455e9419', timestamp '${now}');
INSERT INTO IdentityActivitySummary (activitiesCount, channelId, eventId, firstActivityDate, identityId, individualId, lastActivityDate) VALUES (1, 1, 'blogClicked', timestamp '2019-03-11T17:10:00.666Z', 'wxy-789', 'cb5add6f7551c99711d37325d213b6aebb9d5d5f033de9508c3c717221551c2f', timestamp '${now}');
INSERT INTO IdentityActivitySummary (activitiesCount, channelId, eventId, firstActivityDate, identityId, individualId, lastActivityDate) VALUES (1, 1, 'blogClicked', timestamp '2019-03-11T17:10:00.666Z', 'xyz-123', '5ad62b21842f8f14757e6bd1b1aa7d3b230c3608552a656b283e469687bb7130', timestamp '${now}');

INSERT INTO Identity_Raw (id, individualId) VALUES ('abc-123', 'c2ca75aa0f15bdaf918f704df63b6012bc8c92cf0000764f1016fd84b5d7e485');
INSERT INTO Identity_Raw (id, individualId) VALUES ('bcd-456', '09d283764c971fbd2697396513679fe8ef5f416bfea42858b0c44289c4eb782f');
INSERT INTO Identity_Raw (id, individualId) VALUES ('efg-789', '8bb3cd4319c4cc4df1addc31cb0fae500288133b91228a1cacb4ff2802446220');
INSERT INTO Identity_Raw (id, individualId) VALUES ('hij-123', 'e9def3785eef54c84bda7c05374abd1dfd7393592771eab541cf6be6f9961cc9');
INSERT INTO Identity_Raw (id, individualId) VALUES ('klm-456', '05e8bcb3da4d10aeb7947b291867a42402f984e963bc23331ccf58d514f4f504');
INSERT INTO Identity_Raw (id, individualId) VALUES ('nop-789', 'db51c8a5e1afec38ca2d612d1b5018b57361a0a331ed6bda23c6dcbc89944a3b');
INSERT INTO Identity_Raw (id, individualId) VALUES ('qrs-123', '74a63c6d6f9ab0e4c7e22e06d02ba5f505271cd634170f1b1eff208b8cee9247');
INSERT INTO Identity_Raw (id, individualId) VALUES ('tuv-456', 'debfa145d297f2c07482f6e1905ac31a1e3aacfe9d5b1bdf89e00ff9455e9419');
INSERT INTO Identity_Raw (id, individualId) VALUES ('wxy-789', 'cb5add6f7551c99711d37325d213b6aebb9d5d5f033de9508c3c717221551c2f');
INSERT INTO Identity_Raw (id, individualId) VALUES ('xyz-123', '5ad62b21842f8f14757e6bd1b1aa7d3b230c3608552a656b283e469687bb7130');

INSERT INTO Individual (birthday, emailAddress, fields, firstName, gender, id, jobTitle, lastName, middleName, screenName) VALUES (timestamp '2022-02-02T00:00:00.000Z', 'test1@liferay.com', ARRAY[STRUCT(123, 'firstName', 'Adam')], 'Adam', 'male', 'c2ca75aa0f15bdaf918f704df63b6012bc8c92cf0000764f1016fd84b5d7e485', 'Manager', 'test', 'test', 'TT1');
INSERT INTO Individual (birthday, emailAddress, fields, firstName, gender, id, jobTitle, lastName, middleName, screenName) VALUES (timestamp '2022-01-01T00:00:00.000Z', 'test2@liferay.com', ARRAY[STRUCT(123, 'firstName', 'Eve')], 'Eve', 'female', '09d283764c971fbd2697396513679fe8ef5f416bfea42858b0c44289c4eb782f', 'Senior Manager', 'test', 'test', 'TT2');
INSERT INTO Individual (birthday, emailAddress, fields, firstName, gender, id, jobTitle, lastName, middleName, screenName) VALUES (timestamp '2022-03-03T00:00:00.000Z', 'test3@liferay.com', ARRAY[STRUCT(123, 'firstName', 'alex')], 'alex', 'male', '8bb3cd4319c4cc4df1addc31cb0fae500288133b91228a1cacb4ff2802446220', 'Software Architect', 'test', 'test', 'TT3');
INSERT INTO Individual (birthday, emailAddress, fields, firstName, gender, id, jobTitle, lastName, middleName, screenName) VALUES (timestamp '2022-04-04T00:00:00.000Z', 'test4@liferay.com', ARRAY[STRUCT(123, 'firstName', 'Bonnie')], 'Bonnie', 'female', 'e9def3785eef54c84bda7c05374abd1dfd7393592771eab541cf6be6f9961cc9', 'Engineer', 'test', 'test', 'TT4');
INSERT INTO Individual (birthday, emailAddress, fields, firstName, gender, id, jobTitle, lastName, middleName, screenName) VALUES (timestamp '2022-05-05T00:00:00.000Z', 'test5@liferay.com', ARRAY[STRUCT(123, 'firstName', 'cedric')], 'cedric', 'male', '05e8bcb3da4d10aeb7947b291867a42402f984e963bc23331ccf58d514f4f504', 'Engineer', 'test', 'test', 'TT5');
INSERT INTO Individual (birthday, emailAddress, fields, firstName, gender, id, jobTitle, lastName, middleName, screenName) VALUES (timestamp '2022-06-06T00:00:00.000Z', 'test6@liferay.com', ARRAY[STRUCT(123, 'firstName', 'Christina')], 'Christina', 'female', 'db51c8a5e1afec38ca2d612d1b5018b57361a0a331ed6bda23c6dcbc89944a3b', 'Support Engineer', 'test', 'test', 'TT6');
INSERT INTO Individual (birthday, emailAddress, fields, firstName, gender, id, jobTitle, lastName, middleName, screenName) VALUES (timestamp '2022-07-07T00:00:00.000Z', 'test7@liferay.com', ARRAY[STRUCT(123, 'firstName', 'Zinchenko')], 'Zinchenko', 'male', '74a63c6d6f9ab0e4c7e22e06d02ba5f505271cd634170f1b1eff208b8cee9247', 'Administrator', 'test', 'test', 'TT7');
INSERT INTO Individual (birthday, emailAddress, fields, firstName, gender, id, jobTitle, lastName, middleName, screenName) VALUES (timestamp '2022-08-08T00:00:00.000Z', 'test8@liferay.com', ARRAY[STRUCT(123, 'firstName', 'olivia')], 'olivia', 'female', 'debfa145d297f2c07482f6e1905ac31a1e3aacfe9d5b1bdf89e00ff9455e9419', 'President', 'test', 'test', 'TT8');
INSERT INTO Individual (birthday, emailAddress, fields, firstName, gender, id, jobTitle, lastName, middleName, screenName) VALUES (timestamp '2022-09-09T00:00:00.000Z', 'test9@liferay.com', ARRAY[STRUCT(123, 'firstName', 'Daniel')], 'Daniel', 'male', 'cb5add6f7551c99711d37325d213b6aebb9d5d5f033de9508c3c717221551c2f', 'Director', 'Test', 'test', 'TT9');
INSERT INTO Individual (birthday, emailAddress, fields, firstName, gender, id, jobTitle, lastName, middleName, screenName) VALUES (timestamp '2022-10-10T00:00:00.000Z', 'test10@liferay.com', ARRAY[STRUCT(123, 'firstName', 'fiona')], 'fiona', 'female', '5ad62b21842f8f14757e6bd1b1aa7d3b230c3608552a656b283e469687bb7130', 'Vice President', 'test', 'test', 'TT10');