INSERT INTO Channel(id, createDate) VALUES(1, '2021-05-31')
INSERT INTO Channel(id, createDate) VALUES(2, '2021-06-01')

INSERT INTO EventDefinition(id, blocked, description, displayName, name, type) VALUES(246810, false, 'Test Description 1', 'Test Display Name 1', 'testEvent1', 'CUSTOM')
INSERT INTO EventDefinition(id, blocked, description, displayName, name, type) VALUES(135791, false, 'Test Description 2', 'Test Display Name 2', 'testEvent2', 'CUSTOM')

INSERT INTO Event(channelId, eventDate, eventDefinitionId, individualId) VALUES(1, '2021-05-14', 246810, 9)
INSERT INTO Event(channelId, eventDate, eventDefinitionId, individualId) VALUES(1, '2021-05-15', 135791, 13)
INSERT INTO Event(channelId, eventDate, eventDefinitionId, individualId) VALUES(1, '2021-05-15', 246810, 1)
INSERT INTO Event(channelId, eventDate, eventDefinitionId, individualId) VALUES(1, '2021-05-16', 246810, 8)
INSERT INTO Event(channelId, eventDate, eventDefinitionId, individualId) VALUES(1, '2021-05-17', 246810, 2)
INSERT INTO Event(channelId, eventDate, eventDefinitionId, individualId) VALUES(1, '2021-05-17', 246810, 4)
INSERT INTO Event(channelId, eventDate, eventDefinitionId, individualId) VALUES(1, '2021-05-17', 246810, 5)
INSERT INTO Event(channelId, eventDate, eventDefinitionId, individualId) VALUES(1, '2021-05-18', 246810, 7)
INSERT INTO Event(channelId, eventDate, eventDefinitionId, individualId) VALUES(1, '2021-05-19', 246810, 8)
INSERT INTO Event(channelId, eventDate, eventDefinitionId, individualId) VALUES(1, '2021-05-20', 246810, 11)
INSERT INTO Event(channelId, eventDate, eventDefinitionId, individualId) VALUES(1, '2021-05-21', 246810, 8)
INSERT INTO Event(channelId, eventDate, eventDefinitionId, individualId) VALUES(1, '2021-05-21', 246810, 8)
INSERT INTO Event(channelId, eventDate, eventDefinitionId, individualId) VALUES(1, '2021-05-22', 246810, 9)
INSERT INTO Event(channelId, eventDate, eventDefinitionId, individualId) VALUES(1, '2021-05-22', 246810, 11)
INSERT INTO Event(channelId, eventDate, eventDefinitionId, individualId) VALUES(1, '2021-05-23', 246810, 1)
INSERT INTO Event(channelId, eventDate, eventDefinitionId, individualId) VALUES(1, '2021-05-24', 246810, 11)
INSERT INTO Event(channelId, eventDate, eventDefinitionId, individualId) VALUES(1, '2021-05-27', 246810, 9)
INSERT INTO Event(channelId, eventDate, eventDefinitionId, individualId) VALUES(1, '2021-05-27', 246810, 12)
INSERT INTO Event(channelId, eventDate, eventDefinitionId, individualId) VALUES(1, '2021-05-28', 246810, 12)
INSERT INTO Event(channelId, eventDate, eventDefinitionId, individualId) VALUES(1, '2021-05-30', 246810, 14)
INSERT INTO Event(channelId, eventDate, eventDefinitionId, individualId) VALUES(1, '2021-06-01', 246810, 14)
INSERT INTO Event(channelId, eventDate, eventDefinitionId, individualId) VALUES(1, '2021-06-01', 246810, 14)
INSERT INTO Event(channelId, eventDate, eventDefinitionId, individualId) VALUES(1, '2021-06-02', 246810, 13)
INSERT INTO Event(channelId, eventDate, eventDefinitionId, individualId) VALUES(2, '2021-05-19', 246810, 1)
INSERT INTO Event(channelId, eventDate, eventDefinitionId, individualId) VALUES(2, '2021-05-22', 246810, 2)
INSERT INTO Event(channelId, eventDate, eventDefinitionId, individualId) VALUES(2, '2021-05-25', 246810, 3)
INSERT INTO Event(channelId, eventDate, eventDefinitionId, individualId) VALUES(2, '2021-05-27', 246810, 3)
INSERT INTO Event(channelId, eventDate, eventDefinitionId, individualId) VALUES(2, '2021-05-30', 246810, 5)
INSERT INTO Event(channelId, eventDate, eventDefinitionId, individualId) VALUES(2, '2021-05-31', 246810, 6)
INSERT INTO Event(channelId, eventDate, eventDefinitionId, individualId) VALUES(2, '2021-06-01', 246810, 8)
INSERT INTO Event(channelId, eventDate, eventDefinitionId, individualId) VALUES(2, '2021-06-02', 246810, 10)