INSERT INTO Channel (id, createDate) VALUES (1, '2021-05-31');
INSERT INTO Channel (id, createDate) VALUES (2, '2021-06-01');

INSERT INTO EventDefinition (id, blocked, description, displayName, name, type) VALUES (246810, false, 'Test Description 1', 'Test Display Name 1', 'testEvent1', 'CUSTOM');
INSERT INTO EventDefinition (id, blocked, description, displayName, name, type) VALUES (135791, false, 'Test Description 2', 'Test Display Name 2', 'testEvent2', 'CUSTOM');

INSERT INTO BQEvent (channelId, eventDate, eventId, individualId) VALUES (1, '2021-05-14', 'testEvent1', 9);
INSERT INTO BQEvent (channelId, eventDate, eventId, individualId) VALUES (1, '2021-05-15', 'testEvent2', 13);
INSERT INTO BQEvent (channelId, eventDate, eventId, individualId) VALUES (1, '2021-05-15', 'testEvent1', 1);
INSERT INTO BQEvent (channelId, eventDate, eventId, individualId) VALUES (1, '2021-05-16', 'testEvent1', 8);
INSERT INTO BQEvent (channelId, eventDate, eventId, individualId) VALUES (1, '2021-05-17', 'testEvent1', 2);
INSERT INTO BQEvent (channelId, eventDate, eventId, individualId) VALUES (1, '2021-05-17', 'testEvent1', 4);
INSERT INTO BQEvent (channelId, eventDate, eventId, individualId) VALUES (1, '2021-05-17', 'testEvent1', 5);
INSERT INTO BQEvent (channelId, eventDate, eventId, individualId) VALUES (1, '2021-05-18', 'testEvent1', 7);
INSERT INTO BQEvent (channelId, eventDate, eventId, individualId) VALUES (1, '2021-05-19', 'testEvent1', 8);
INSERT INTO BQEvent (channelId, eventDate, eventId, individualId) VALUES (1, '2021-05-20', 'testEvent1', 11);
INSERT INTO BQEvent (channelId, eventDate, eventId, individualId) VALUES (1, '2021-05-21', 'testEvent1', 8);
INSERT INTO BQEvent (channelId, eventDate, eventId, individualId) VALUES (1, '2021-05-21', 'testEvent1', 8);
INSERT INTO BQEvent (channelId, eventDate, eventId, individualId) VALUES (1, '2021-05-22', 'testEvent1', 9);
INSERT INTO BQEvent (channelId, eventDate, eventId, individualId) VALUES (1, '2021-05-22', 'testEvent1', 11);
INSERT INTO BQEvent (channelId, eventDate, eventId, individualId) VALUES (1, '2021-05-23', 'testEvent1', 1);
INSERT INTO BQEvent (channelId, eventDate, eventId, individualId) VALUES (1, '2021-05-24', 'testEvent1', 11);
INSERT INTO BQEvent (channelId, eventDate, eventId, individualId) VALUES (1, '2021-05-27', 'testEvent1', 9);
INSERT INTO BQEvent (channelId, eventDate, eventId, individualId) VALUES (1, '2021-05-27', 'testEvent1', 12);
INSERT INTO BQEvent (channelId, eventDate, eventId, individualId) VALUES (1, '2021-05-28', 'testEvent1', 12);
INSERT INTO BQEvent (channelId, eventDate, eventId, individualId) VALUES (1, '2021-05-30', 'testEvent1', 14);
INSERT INTO BQEvent (channelId, eventDate, eventId, individualId) VALUES (1, '2021-06-01', 'testEvent1', 14);
INSERT INTO BQEvent (channelId, eventDate, eventId, individualId) VALUES (1, '2021-06-01', 'testEvent1', 14);
INSERT INTO BQEvent (channelId, eventDate, eventId, individualId) VALUES (1, '2021-06-02', 'testEvent1', 13);
INSERT INTO BQEvent (channelId, eventDate, eventId, individualId) VALUES (2, '2021-05-19', 'testEvent1', 1);
INSERT INTO BQEvent (channelId, eventDate, eventId, individualId) VALUES (2, '2021-05-22', 'testEvent1', 2);
INSERT INTO BQEvent (channelId, eventDate, eventId, individualId) VALUES (2, '2021-05-25', 'testEvent1', 3);
INSERT INTO BQEvent (channelId, eventDate, eventId, individualId) VALUES (2, '2021-05-27', 'testEvent1', 3);
INSERT INTO BQEvent (channelId, eventDate, eventId, individualId) VALUES (2, '2021-05-30', 'testEvent1', 5);
INSERT INTO BQEvent (channelId, eventDate, eventId, individualId) VALUES (2, '2021-05-31', 'testEvent1', 6);
INSERT INTO BQEvent (channelId, eventDate, eventId, individualId) VALUES (2, '2021-06-01', 'testEvent1', 8);
INSERT INTO BQEvent (channelId, eventDate, eventId, individualId) VALUES (2, '2021-06-02', 'testEvent1', 10);