INSERT INTO Channel (id, createDate) VALUES (1, '2021-05-31');
INSERT INTO Channel (id, createDate) VALUES (2, '2021-06-01');

INSERT INTO EventDefinition (id, blocked, description, displayName, name, type) VALUES (246810, false, 'Test Description 1', 'Test Display Name 1', 'testEvent1', 'CUSTOM');
INSERT INTO EventDefinition (id, blocked, description, displayName, name, type) VALUES (135791, false, 'Test Description 2', 'Test Display Name 2', 'testEvent2', 'CUSTOM');

INSERT INTO Event (channelId, eventDate, eventDefinitionId, individualId, sessionId) VALUES (1, '2021-05-14', 246810, 9, 6781);
INSERT INTO Event (channelId, eventDate, eventDefinitionId, individualId, sessionId) VALUES (1, '2021-05-15', 135791, 13, 6782);
INSERT INTO Event (channelId, eventDate, eventDefinitionId, individualId, sessionId) VALUES (1, '2021-05-15', 246810, 1, 6783);
INSERT INTO Event (channelId, eventDate, eventDefinitionId, individualId, sessionId) VALUES (1, '2021-05-16', 246810, 8, 6784);
INSERT INTO Event (channelId, eventDate, eventDefinitionId, individualId, sessionId) VALUES (1, '2021-05-17', 246810, 2, 6785);
INSERT INTO Event (channelId, eventDate, eventDefinitionId, individualId, sessionId) VALUES (1, '2021-05-17', 246810, 4, 6786);
INSERT INTO Event (channelId, eventDate, eventDefinitionId, individualId, sessionId) VALUES (1, '2021-05-17', 246810, 5, 6787);
INSERT INTO Event (channelId, eventDate, eventDefinitionId, individualId, sessionId) VALUES (1, '2021-05-18', 246810, 7, 6788);
INSERT INTO Event (channelId, eventDate, eventDefinitionId, individualId, sessionId) VALUES (1, '2021-05-19', 246810, 8, 6789);
INSERT INTO Event (channelId, eventDate, eventDefinitionId, individualId, sessionId) VALUES (1, '2021-05-20', 246810, 11, 6790);
INSERT INTO Event (channelId, eventDate, eventDefinitionId, individualId, sessionId) VALUES (1, '2021-05-21', 246810, 8, 6791);
INSERT INTO Event (channelId, eventDate, eventDefinitionId, individualId, sessionId) VALUES (1, '2021-05-21', 246810, 8, 6792);
INSERT INTO Event (channelId, eventDate, eventDefinitionId, individualId, sessionId) VALUES (1, '2021-05-22', 246810, 9, 6793);
INSERT INTO Event (channelId, eventDate, eventDefinitionId, individualId, sessionId) VALUES (1, '2021-05-22', 246810, 11, 6794);
INSERT INTO Event (channelId, eventDate, eventDefinitionId, individualId, sessionId) VALUES (1, '2021-05-23', 246810, 1, 6795);
INSERT INTO Event (channelId, eventDate, eventDefinitionId, individualId, sessionId) VALUES (1, '2021-05-24', 246810, 11, 6796);
INSERT INTO Event (channelId, eventDate, eventDefinitionId, individualId, sessionId) VALUES (1, '2021-05-27', 246810, 9, 6797);
INSERT INTO Event (channelId, eventDate, eventDefinitionId, individualId, sessionId) VALUES (1, '2021-05-27', 246810, 12, 6798);
INSERT INTO Event (channelId, eventDate, eventDefinitionId, individualId, sessionId) VALUES (1, '2021-05-28', 246810, 12, 6799);
INSERT INTO Event (channelId, eventDate, eventDefinitionId, individualId, sessionId) VALUES (1, '2021-05-30', 246810, 14, 6801);
INSERT INTO Event (channelId, eventDate, eventDefinitionId, individualId, sessionId) VALUES (1, '2021-06-01', 246810, 14, 6802);
INSERT INTO Event (channelId, eventDate, eventDefinitionId, individualId, sessionId) VALUES (1, '2021-06-01', 246810, 14, 6803);
INSERT INTO Event (channelId, eventDate, eventDefinitionId, individualId, sessionId) VALUES (1, '2021-06-02', 246810, 13, 6804);
INSERT INTO Event (channelId, eventDate, eventDefinitionId, individualId, sessionId) VALUES (2, '2021-05-19', 246810, 1, 6805);
INSERT INTO Event (channelId, eventDate, eventDefinitionId, individualId, sessionId) VALUES (2, '2021-05-22', 246810, 2, 6806);
INSERT INTO Event (channelId, eventDate, eventDefinitionId, individualId, sessionId) VALUES (2, '2021-05-25', 246810, 3, 6807);
INSERT INTO Event (channelId, eventDate, eventDefinitionId, individualId, sessionId) VALUES (2, '2021-05-27', 246810, 3, 6808);
INSERT INTO Event (channelId, eventDate, eventDefinitionId, individualId, sessionId) VALUES (2, '2021-05-30', 246810, 5, 6809);
INSERT INTO Event (channelId, eventDate, eventDefinitionId, individualId, sessionId) VALUES (2, '2021-05-31', 246810, 6, 6810);
INSERT INTO Event (channelId, eventDate, eventDefinitionId, individualId, sessionId) VALUES (2, '2021-06-01', 246810, 8, 6811);
INSERT INTO Event (channelId, eventDate, eventDefinitionId, individualId, sessionId) VALUES (2, '2021-06-02', 246810, 10, 6812);