INSERT INTO Channel (id, createDate) VALUES (1, '2021-05-31');
INSERT INTO Channel (id, createDate) VALUES (2, '2021-06-01');
INSERT INTO Channel (id, createDate) VALUES (3, '2021-06-02');

INSERT INTO EventAttributeDefinition (dataType, displayName, id, name, type) VALUES ('STRING', 'TEST_URL', 12345, 'testUrl', 'LOCAL');
INSERT INTO EventAttributeDefinition (dataType, displayName, id, name, type) VALUES ('STRING', 'TEST_TITLE', 23456, 'testTitle', 'LOCAL');
INSERT INTO EventAttributeDefinition (dataType, displayName, id, name, type) VALUES ('NUMBER', 'TEST_CODE', 34567, 'testCode', 'LOCAL');
INSERT INTO EventAttributeDefinition (dataType, displayName, id, name, type) VALUES ('NUMBER', 'TEST_RATING', 45678, 'testRating', 'LOCAL');
INSERT INTO EventAttributeDefinition (dataType, displayName, id, name, type) VALUES ('DATE', 'TEST_DATE', 56789, 'testDate', 'LOCAL');
INSERT INTO EventAttributeDefinition (dataType, displayName, id, name, type) VALUES ('BOOLEAN', 'TEST_MEMBER', 67890, 'testMember', 'LOCAL');
INSERT INTO EventAttributeDefinition (dataType, displayName, id, name, type) VALUES ('NUMBER', 'TEST_DURATION', 78901, 'testDuration', 'LOCAL');

INSERT INTO EventDefinition (id, blocked, description, displayName, name, type) VALUES (135791, false, 'Test Description 2', 'Test Display Name 2', 'testEvent2', 'CUSTOM');
INSERT INTO EventDefinition (id, blocked, description, displayName, name, type) VALUES (246810, false, 'Test Description 1', 'Test Display Name 1', 'testEvent1', 'CUSTOM');

INSERT INTO BQEvent (channelId, eventDate, eventId, id, userId) VALUES (1, '2021-05-14', 'testEvent1', 1, '9');
INSERT INTO BQEvent (channelId, eventDate, eventId, id, userId) VALUES (1, '2021-05-15', 'testEvent2', 2, '13');
INSERT INTO BQEvent (channelId, eventDate, eventId, id, userId) VALUES (1, '2021-05-15', 'testEvent1', 3, '1');
INSERT INTO BQEvent (channelId, eventDate, eventId, id, userId) VALUES (1, '2021-05-16', 'testEvent1', 4, '8');
INSERT INTO BQEvent (channelId, eventDate, eventId, id, userId) VALUES (1, '2021-05-17', 'testEvent1', 5, '2');
INSERT INTO BQEvent (channelId, eventDate, eventId, id, userId) VALUES (1, '2021-05-17', 'testEvent1', 6, '4');
INSERT INTO BQEvent (channelId, eventDate, eventId, id, userId) VALUES (1, '2021-05-17', 'testEvent1', 7, '5');
INSERT INTO BQEvent (channelId, eventDate, eventId, id, userId) VALUES (1, '2021-05-18', 'testEvent1', 8, '7');
INSERT INTO BQEvent (channelId, eventDate, eventId, id, userId) VALUES (1, '2021-05-19', 'testEvent1', 9, '8');
INSERT INTO BQEvent (channelId, eventDate, eventId, id, userId) VALUES (1, '2021-05-20', 'testEvent1', 10, '11');
INSERT INTO BQEvent (channelId, eventDate, eventId, id, userId) VALUES (1, '2021-05-21', 'testEvent1', 11, '8');
INSERT INTO BQEvent (channelId, eventDate, eventId, id, userId) VALUES (1, '2021-05-21', 'testEvent1', 12, '8');
INSERT INTO BQEvent (channelId, eventDate, eventId, id, userId) VALUES (1, '2021-05-22', 'testEvent1', 13, '9');
INSERT INTO BQEvent (channelId, eventDate, eventId, id, userId) VALUES (1, '2021-05-22', 'testEvent1', 14, '11');
INSERT INTO BQEvent (channelId, eventDate, eventId, id, userId) VALUES (1, '2021-05-23', 'testEvent1', 15, '1');
INSERT INTO BQEvent (channelId, eventDate, eventId, id, userId) VALUES (1, '2021-05-24', 'testEvent1', 16, '11');
INSERT INTO BQEvent (channelId, eventDate, eventId, id, userId) VALUES (1, '2021-05-27', 'testEvent1', 17, '9');
INSERT INTO BQEvent (channelId, eventDate, eventId, id, userId) VALUES (1, '2021-05-27', 'testEvent1', 18, '12');
INSERT INTO BQEvent (channelId, eventDate, eventId, id, userId) VALUES (1, '2021-05-28', 'testEvent1', 19, '12');
INSERT INTO BQEvent (channelId, eventDate, eventId, id, userId) VALUES (1, '2021-05-30', 'testEvent1', 20, '14');
INSERT INTO BQEvent (channelId, eventDate, eventId, id, userId) VALUES (1, '2021-06-01', 'testEvent1', 21, '14');
INSERT INTO BQEvent (channelId, eventDate, eventId, id, userId) VALUES (1, '2021-06-01', 'testEvent1', 22, '14');
INSERT INTO BQEvent (channelId, eventDate, eventId, id, userId) VALUES (1, '2021-06-02', 'testEvent1', 23, '13');
INSERT INTO BQEvent (channelId, eventDate, eventId, id, userId) VALUES (2, '2021-05-19', 'testEvent1', 24, '1');
INSERT INTO BQEvent (channelId, eventDate, eventId, id, userId) VALUES (2, '2021-05-22', 'testEvent1', 25, '2');
INSERT INTO BQEvent (channelId, eventDate, eventId, id, userId) VALUES (2, '2021-05-25', 'testEvent1', 26, '3');
INSERT INTO BQEvent (channelId, eventDate, eventId, id, userId) VALUES (2, '2021-05-27', 'testEvent1', 27, '3');
INSERT INTO BQEvent (channelId, eventDate, eventId, id, userId) VALUES (2, '2021-05-30', 'testEvent1', 28, '5');
INSERT INTO BQEvent (channelId, eventDate, eventId, id, userId) VALUES (2, '2021-05-31', 'testEvent1', 29, '6');
INSERT INTO BQEvent (channelId, eventDate, eventId, id, userId) VALUES (2, '2021-06-01', 'testEvent1', 30, '8');
INSERT INTO BQEvent (channelId, eventDate, eventId, id, userId) VALUES (2, '2021-06-02', 'testEvent1', 31, '10');
INSERT INTO BQEvent (channelId, eventDate, eventId, id, userId) VALUES (1, '2021-05-13', 'testEvent1', 32, '1');
INSERT INTO BQEvent (channelId, eventDate, eventId, id, userId) VALUES (1, '2021-05-13', 'testEvent1', 33, '2');
INSERT INTO BQEvent (channelId, eventDate, eventId, id, userId) VALUES (1, '2021-05-13', 'testEvent1', 34, '3');

INSERT INTO BQEventProperty (eventDate, id, name, value) VALUES ('2021-05-17 10:00:00', 1, 'testUrl', 'https://www.beryl.com/design');
INSERT INTO BQEventProperty (eventDate, id, name, value) VALUES ('2021-05-17 10:00:00', 1, 'testTitle', 'Beryl Design');
INSERT INTO BQEventProperty (eventDate, id, name, value) VALUES ('2021-05-17 10:00:00', 1, 'testCode', '-4000');
INSERT INTO BQEventProperty (eventDate, id, name, value) VALUES ('2021-05-13 10:00:00', 1, 'testRating', '1.68');
INSERT INTO BQEventProperty (eventDate, id, name, value) VALUES ('2021-05-13 10:00:00', 1, 'testDate', '2021-05-13 10:00:00');
INSERT INTO BQEventProperty (eventDate, id, name, value) VALUES ('2021-05-13 10:00:00', 1, 'testMember', 'true');
INSERT INTO BQEventProperty (eventDate, id, name, value) VALUES ('2021-05-13 10:00:00', 1, 'testDuration', '1680');
INSERT INTO BQEventProperty (eventDate, id, name, value) VALUES ('2021-05-17 10:00:00', 6, 'testUrl', 'https://www.Beryl.com/design');
INSERT INTO BQEventProperty (eventDate, id, name, value) VALUES ('2021-05-17 10:00:00', 6, 'testTitle', 'beryl Design');
INSERT INTO BQEventProperty (eventDate, id, name, value) VALUES ('2021-05-17 10:00:00', 6, 'testCode', '4040');
INSERT INTO BQEventProperty (eventDate, id, name, value) VALUES ('2021-05-13 10:00:00', 6, 'testRating', '1.99');
INSERT INTO BQEventProperty (eventDate, id, name, value) VALUES ('2021-05-13 10:00:00', 6, 'testDate', '2020-05-13 11:00:00');
INSERT INTO BQEventProperty (eventDate, id, name, value) VALUES ('2021-05-13 10:00:00', 6, 'testMember', 'true');
INSERT INTO BQEventProperty (eventDate, id, name, value) VALUES ('2021-05-13 10:00:00', 6, 'testDuration', '1990');
INSERT INTO BQEventProperty (eventDate, id, name, value) VALUES ('2021-05-17 10:00:00', 7, 'testUrl', 'https://www.beryl.com/design');
INSERT INTO BQEventProperty (eventDate, id, name, value) VALUES ('2021-05-17 10:00:00', 7, 'testTitle', 'Beryl Design');
INSERT INTO BQEventProperty (eventDate, id, name, value) VALUES ('2021-05-17 10:00:00', 7, 'testCode', '2000');
INSERT INTO BQEventProperty (eventDate, id, name, value) VALUES ('2021-05-13 10:00:00', 7, 'testRating', '1.44');
INSERT INTO BQEventProperty (eventDate, id, name, value) VALUES ('2021-05-13 10:00:00', 7, 'testDate', 'error');
INSERT INTO BQEventProperty (eventDate, id, name, value) VALUES ('2021-05-13 10:00:00', 7, 'testMember', '1');
INSERT INTO BQEventProperty (eventDate, id, name, value) VALUES ('2021-05-13 10:00:00', 7, 'testDuration', '1440');
INSERT INTO BQEventProperty (eventDate, id, name, value) VALUES ('2021-05-17 10:00:00', 8, 'testUrl', 'https://www.beryl.com/design');
INSERT INTO BQEventProperty (eventDate, id, name, value) VALUES ('2021-05-17 10:00:00', 8, 'testTitle', 'Beryl deSiGn');
INSERT INTO BQEventProperty (eventDate, id, name, value) VALUES ('2021-05-17 10:00:00', 8, 'testCode', '4000');
INSERT INTO BQEventProperty (eventDate, id, name, value) VALUES ('2021-05-13 10:00:00', 8, 'testRating', '-4.00');
INSERT INTO BQEventProperty (eventDate, id, name, value) VALUES ('2021-05-13 10:00:00', 8, 'testDate', '2021-05-01 01:00:00');
INSERT INTO BQEventProperty (eventDate, id, name, value) VALUES ('2021-05-13 10:00:00', 8, 'testMember', 'false');
INSERT INTO BQEventProperty (eventDate, id, name, value) VALUES ('2021-05-13 10:00:00', 8, 'testDuration', '4000');
INSERT INTO BQEventProperty (eventDate, id, name, value) VALUES ('2021-05-17 10:00:00', 9, 'testUrl', 'https://www.beryl.com/design');
INSERT INTO BQEventProperty (eventDate, id, name, value) VALUES ('2021-05-17 10:00:00', 9, 'testTitle', 'Beryl Design');
INSERT INTO BQEventProperty (eventDate, id, name, value) VALUES ('2021-05-17 10:00:00', 9, 'testCode', '4000');
INSERT INTO BQEventProperty (eventDate, id, name, value) VALUES ('2021-05-13 10:00:00', 9, 'testRating', '0.05');
INSERT INTO BQEventProperty (eventDate, id, name, value) VALUES ('2021-05-13 10:00:00', 9, 'testDate', '2021-05-13 01:00:00');
INSERT INTO BQEventProperty (eventDate, id, name, value) VALUES ('2021-05-13 10:00:00', 9, 'testMember', '0');
INSERT INTO BQEventProperty (eventDate, id, name, value) VALUES ('2021-05-13 10:00:00', 9, 'testDuration', '50');
INSERT INTO BQEventProperty (eventDate, id, name, value) VALUES ('2021-05-20 13:00:00', 10, 'testUrl', 'https://www.beryl.com/products');
INSERT INTO BQEventProperty (eventDate, id, name, value) VALUES ('2021-05-20 12:00:00', 10, 'testTitle', 'Beryl Products');
INSERT INTO BQEventProperty (eventDate, id, name, value) VALUES ('2021-05-20 12:00:00', 10, 'testCode', '4000');
INSERT INTO BQEventProperty (eventDate, id, name, value) VALUES ('2021-05-13 10:00:00', 10, 'testRating', '9.99');
INSERT INTO BQEventProperty (eventDate, id, name, value) VALUES ('2021-05-13 10:00:00', 10, 'testDate', '2019-05-10 01:00:00');
INSERT INTO BQEventProperty (eventDate, id, name, value) VALUES ('2021-05-13 10:00:00', 10, 'testMember', 'error');
INSERT INTO BQEventProperty (eventDate, id, name, value) VALUES ('2021-05-13 10:00:00', 10, 'testDuration', '9990');
INSERT INTO BQEventProperty (eventDate, id, name, value) VALUES ('2021-05-20 13:00:00', 11, 'testUrl', 'https://www.beryl.com/products');
INSERT INTO BQEventProperty (eventDate, id, name, value) VALUES ('2021-05-20 12:00:00', 11, 'testTitle', 'BERYL PRODUCTS');
INSERT INTO BQEventProperty (eventDate, id, name, value) VALUES ('2021-05-20 12:00:00', 11, 'testCode', '4000');
INSERT INTO BQEventProperty (eventDate, id, name, value) VALUES ('2021-05-13 10:00:00', 11, 'testRating', '1.024');
INSERT INTO BQEventProperty (eventDate, id, name, value) VALUES ('2021-05-13 10:00:00', 11, 'testDate', '2021-05-10 02:00:00');
INSERT INTO BQEventProperty (eventDate, id, name, value) VALUES ('2021-05-13 10:00:00', 11, 'testMember', 'true');
INSERT INTO BQEventProperty (eventDate, id, name, value) VALUES ('2021-05-13 10:00:00', 11, 'testDuration', '1024.4');
INSERT INTO BQEventProperty (eventDate, id, name, value) VALUES ('2021-05-20 13:00:00', 12, 'testUrl', 'https://www.beryl.com/products');
INSERT INTO BQEventProperty (eventDate, id, name, value) VALUES ('2021-05-20 12:00:00', 12, 'testTitle', 'Beryl Products');
INSERT INTO BQEventProperty (eventDate, id, name, value) VALUES ('2021-05-20 12:00:00', 12, 'testCode', '4000');
INSERT INTO BQEventProperty (eventDate, id, name, value) VALUES ('2021-05-13 10:00:00', 12, 'testRating', '2');
INSERT INTO BQEventProperty (eventDate, id, name, value) VALUES ('2021-05-13 10:00:00', 12, 'testDate', '2021-05-10 02:00:00');
INSERT INTO BQEventProperty (eventDate, id, name, value) VALUES ('2021-05-13 10:00:00', 12, 'testMember', 'false');
INSERT INTO BQEventProperty (eventDate, id, name, value) VALUES ('2021-05-13 10:00:00', 12, 'testDuration', '2000');
INSERT INTO BQEventProperty (eventDate, id, name, value) VALUES ('2021-05-20 13:00:00', 13, 'testUrl', 'https://www.beryl.com/products');
INSERT INTO BQEventProperty (eventDate, id, name, value) VALUES ('2021-05-20 12:00:00', 13, 'testTitle', 'Beryl Products');
INSERT INTO BQEventProperty (eventDate, id, name, value) VALUES ('2021-05-20 12:00:00', 13, 'testCode', '4000');
INSERT INTO BQEventProperty (eventDate, id, name, value) VALUES ('2021-05-13 10:00:00', 13, 'testRating', '1.01');
INSERT INTO BQEventProperty (eventDate, id, name, value) VALUES ('2021-05-13 10:00:00', 13, 'testDate', '2021-05-13 01:30:00');
INSERT INTO BQEventProperty (eventDate, id, name, value) VALUES ('2021-05-13 10:00:00', 13, 'testMember', 'true');
INSERT INTO BQEventProperty (eventDate, id, name, value) VALUES ('2021-05-13 10:00:00', 13, 'testDuration', '1010');
INSERT INTO BQEventProperty (eventDate, id, name, value) VALUES ('2021-05-22 10:00:00', 14, 'testUrl', 'https://www.beryl.com/blogs');
INSERT INTO BQEventProperty (eventDate, id, name, value) VALUES ('2021-05-22 10:00:00', 14, 'testTitle', 'Beryl Blogs');
INSERT INTO BQEventProperty (eventDate, id, name, value) VALUES ('2021-05-20 12:00:00', 14, 'testCode', '4000');
INSERT INTO BQEventProperty (eventDate, id, name, value) VALUES ('2021-05-13 10:00:00', 14, 'testRating', '5.10');
INSERT INTO BQEventProperty (eventDate, id, name, value) VALUES ('2021-05-13 10:00:00', 14, 'testDate', '2021-05-13 03:30:00');
INSERT INTO BQEventProperty (eventDate, id, name, value) VALUES ('2021-05-13 10:00:00', 14, 'testMember', 'true');
INSERT INTO BQEventProperty (eventDate, id, name, value) VALUES ('2021-05-13 10:00:00', 14, 'testDuration', '5100');
INSERT INTO BQEventProperty (eventDate, id, name, value) VALUES ('2021-05-22 10:00:00', 15, 'testUrl', 'https://www.beryl.com/Blogs');
INSERT INTO BQEventProperty (eventDate, id, name, value) VALUES ('2021-05-22 10:00:00', 15, 'testTitle', 'Beryl Blogs');
INSERT INTO BQEventProperty (eventDate, id, name, value) VALUES ('2021-05-20 12:00:00', 15, 'testCode', '5000');
INSERT INTO BQEventProperty (eventDate, id, name, value) VALUES ('2021-05-13 10:00:00', 15, 'testRating', '8.88');
INSERT INTO BQEventProperty (eventDate, id, name, value) VALUES ('2021-05-13 10:00:00', 15, 'testDate', '2021-05-13 05:45:12');
INSERT INTO BQEventProperty (eventDate, id, name, value) VALUES ('2021-05-13 10:00:00', 15, 'testMember', 'true');
INSERT INTO BQEventProperty (eventDate, id, name, value) VALUES ('2021-05-13 10:00:00', 15, 'testDuration', '8880');
INSERT INTO BQEventProperty (eventDate, id, name, value) VALUES ('2021-05-22 10:00:00', 16, 'testUrl', 'HTTPS://www.beryl.com/blogs');
INSERT INTO BQEventProperty (eventDate, id, name, value) VALUES ('2021-05-22 10:00:00', 16, 'testTitle', 'Beryl Blogs');
INSERT INTO BQEventProperty (eventDate, id, name, value) VALUES ('2021-05-20 12:00:00', 16, 'testCode', '3000');
INSERT INTO BQEventProperty (eventDate, id, name, value) VALUES ('2021-05-13 10:00:00', 16, 'testRating', '2.89');
INSERT INTO BQEventProperty (eventDate, id, name, value) VALUES ('2021-05-13 10:00:00', 16, 'testDate', '2021-01-13 03:30:00');
INSERT INTO BQEventProperty (eventDate, id, name, value) VALUES ('2021-05-13 10:00:00', 16, 'testMember', 'FALSE');
INSERT INTO BQEventProperty (eventDate, id, name, value) VALUES ('2021-05-13 10:00:00', 16, 'testDuration', '2890');
INSERT INTO BQEventProperty (eventDate, id, name, value) VALUES ('2021-05-13 10:00:00', 32, 'testUrl', 'https://www.beryl.com/design');
INSERT INTO BQEventProperty (eventDate, id, name, value) VALUES ('2021-05-13 10:00:00', 32, 'testTitle', 'Beryl Design');
INSERT INTO BQEventProperty (eventDate, id, name, value) VALUES ('2021-05-13 10:00:00', 32, 'testCode', '4000');
INSERT INTO BQEventProperty (eventDate, id, name, value) VALUES ('2021-05-13 10:00:00', 32, 'testRating', '1.25');
INSERT INTO BQEventProperty (eventDate, id, name, value) VALUES ('2021-05-13 10:00:00', 32, 'testDate', '2021-01-14 03:30:00');
INSERT INTO BQEventProperty (eventDate, id, name, value) VALUES ('2021-05-13 10:00:00', 32, 'testMember', 'TRUE');
INSERT INTO BQEventProperty (eventDate, id, name, value) VALUES ('2021-05-13 10:00:00', 32, 'testDuration', '1250');
INSERT INTO BQEventProperty (eventDate, id, name, value) VALUES ('2021-05-13 10:00:00', 33, 'testUrl', 'https://www.beryl.com/design');
INSERT INTO BQEventProperty (eventDate, id, name, value) VALUES ('2021-05-13 10:00:00', 33, 'testTitle', 'Beryl Design');
INSERT INTO BQEventProperty (eventDate, id, name, value) VALUES ('2021-05-13 10:00:00', 33, 'testCode', '4000');
INSERT INTO BQEventProperty (eventDate, id, name, value) VALUES ('2021-05-13 10:00:00', 33, 'testRating', '4.20');
INSERT INTO BQEventProperty (eventDate, id, name, value) VALUES ('2021-05-13 10:00:00', 33, 'testDate', '2021-05-13 05:30:00');
INSERT INTO BQEventProperty (eventDate, id, name, value) VALUES ('2021-05-13 10:00:00', 33, 'testMember', 'fAlSe');
INSERT INTO BQEventProperty (eventDate, id, name, value) VALUES ('2021-05-13 10:00:00', 33, 'testDuration', '4200');
INSERT INTO BQEventProperty (eventDate, id, name, value) VALUES ('2021-05-13 10:00:00', 34, 'testUrl', 'https://www.beryl.com/design');
INSERT INTO BQEventProperty (eventDate, id, name, value) VALUES ('2021-05-13 10:00:00', 34, 'testTitle', 'Beryl Design');
INSERT INTO BQEventProperty (eventDate, id, name, value) VALUES ('2021-05-13 10:00:00', 34, 'testCode', '4000');
INSERT INTO BQEventProperty (eventDate, id, name, value) VALUES ('2021-05-13 10:00:00', 34, 'testRating', '1.38');
INSERT INTO BQEventProperty (eventDate, id, name, value) VALUES ('2021-05-13 10:00:00', 34, 'testDate', '2021-01-11 05:30:00');
INSERT INTO BQEventProperty (eventDate, id, name, value) VALUES ('2021-05-13 10:00:00', 34, 'testMember', 'TrUe');
INSERT INTO BQEventProperty (eventDate, id, name, value) VALUES ('2021-05-13 10:00:00', 34, 'testDuration', '1380');